Filename,Size,Unit
Aaron Eckhart/aaron_eckhart-001-1920x1200-hollywooddesktop.jpg,464.2,K
Adam Brody/adam_brody-001-1920x1200-hollywooddesktop.jpg,418.86,K
Adam Lambert/adam_lambert-001-2560x1600-hollywooddesktop.jpg,577.55,K
Adam Young/owl_city-001-2560x1600-hollywooddesktop.jpg,904.2,K
Adrian Grenier/adrian_grenier-001-2560x1600-hollywooddesktop.jpg,449.15,K
Adrien Brody/adrien_brody-001-2560x1600-hollywooddesktop.jpg,558.04,K
Alec Baldwin/alec_baldwin-001-2560x1600-hollywooddesktop.jpg,699.58,K
Amos Lee/amos_lee-001-2560x1600-hollywooddesktop.jpg,1.03,M
Anberlin (Band)/anberlin-001-2560x1600-hollywooddesktop.jpg,753.19,K
Angels and Airwaves (Band)/angels_and_airwaves-001-2560x1600-hollywooddesktop.jpg,721.59,K
Ashton Kutcher/ashton_kutcher-001-1920x1200-hollywooddesktop.jpg,294.64,K
Ashton Kutcher/ashton_kutcher-002-1920x1200-hollywooddesktop.jpg,167.19,K
Backstreet Boys (Band)/backstreet_boys-001-2560x1600-hollywooddesktop.jpg,407.24,K
Bon Jovi/bon_jovi-001-2560x1600-hollywooddesktop.jpg,1019.97,K
Bono (Paul Hewson)/u2-001-2560x1600-hollywooddesktop.jpg,498.13,K
Brad Paisley/brad_paisley-001-2560x1600-hollywooddesktop.jpg,1.26,M
Brad Pitt/brad_pitt-001-1920x1200-hollywooddesktop.jpg,238.06,K
Brad Pitt/brad_pitt-002-1920x1200-hollywooddesktop.jpg,247.82,K
Brad Pitt/brad_pitt-003-1920x1200-hollywooddesktop.jpg,259.36,K
Bradley Cooper/bradley_cooper-001-2560x1600-hollywooddesktop.jpg,491.18,K
Bruce Springsteen/bruce_springsteen-001-2560x1600-hollywooddesktop.jpg,570.77,K
Christian Bale/christian_bale-001-1920x1200-hollywooddesktop.jpg,562.97,K
Christian Bale/christian_bale-002-2560x1600-hollywooddesktop.jpg,1.1,M
Christian Bale/christian_bale-003-2560x1600-hollywooddesktop.jpg,258.97,K
Coldplay (Band)/coldplay-001-1920x1200-hollywooddesktop.jpg,593.8,K
Coldplay (Band)/coldplay-002-1920x1200-hollywooddesktop.jpg,406.61,K
Coldplay (Band)/coldplay-003-1920x1200-hollywooddesktop.jpg,225.96,K
Colin Firth/colin_firth-001-2560x1600-hollywooddesktop.jpg,695.42,K
Conan O'Brien/conan_obrien-001-2560x1600-hollywooddesktop.jpg,500.94,K
Daniel Craig/daniel_craig-001-2560x1600-hollywooddesktop.jpg,630.93,K
Daniel Craig/daniel_craig-002-2560x1600-hollywooddesktop.jpg,496.25,K
David Beckham/david_beckham-001-1920x1200-hollywooddesktop.jpg,222.77,K
Death Cab For Cutie (Band)/death_cab_for_cutie-001-1920x1200-hollywooddesktop.jpg,532.61,K
Death Cab For Cutie (Band)/death_cab_for_cutie-002-2560x1600-hollywooddesktop.jpg,1.31,M
Edward Norton/edward_norton-001-1920x1200-hollywooddesktop.jpg,130.46,K
Edward Norton/edward_norton-002-2560x1600-hollywooddesktop.jpg,438.09,K
Edward Norton/edward_norton-003-2560x1600-hollywooddesktop.jpg,831.48,K
Enrique Iglesias/enrique_iglesias-001-2560x1600-hollywooddesktop.jpg,805.48,K
Eric Bana/eric_bana-001-2560x1600-hollywooddesktop.jpg,273.32,K
Fall Out Boy (Band)/fall_out_boy-001-2560x1600-hollywooddesktop.jpg,839.14,K
Frank Sinatra/frank_sinatra-001-2560x1600-hollywooddesktop.jpg,530.14,K
George Clooney/george_clooney-001-1920x1200-hollywooddesktop.jpg,785.38,K
George Clooney/george_clooney-002-1920x1200-hollywooddesktop.jpg,288.62,K
Gerard Butler/gerard_butler-001-1920x1200-hollywooddesktop.jpg,531.58,K
Gerard Butler/gerard_butler-002-2560x1600-hollywooddesktop.jpg,311.03,K
Gerard Butler/gerard_butler-003-2560x1600-hollywooddesktop.jpg,355.39,K
Gerard Butler/gerard_butler-004-1920x1200-hollywooddesktop.jpg,504.82,K
Green Day (Band)/green_day-001-1920x1200-hollywooddesktop.jpg,362.48,K
Green Day (Band)/green_day-002-2560x1600-hollywooddesktop.jpg,581.07,K
Hugh Jackman/hugh_jackman-001-1920x1200-hollywooddesktop.jpg,319.28,K
Hugh Laurie/hugh_laurie-001-1920x1200-hollywooddesktop.jpg,234.6,K
Hugh Laurie/hugh_laurie-002-2560x1600-hollywooddesktop.jpg,529.49,K
Hugh Laurie/hugh_laurie-003-2560x1600-hollywooddesktop.jpg,682.74,K
Jack Black/jack_black-001-2560x1600-hollywooddesktop.jpg,1.06,M
Jake Gyllenhaal/jake_gyllenhaal-001-1920x1200-hollywooddesktop.jpg,202.35,K
Jake Gyllenhaal/jake_gyllenhaal-002-2560x1600-hollywooddesktop.jpg,560.01,K
James Marsden/james_marsden-001-1920x1200-hollywooddesktop.jpg,357.05,K
James McAvoy/james_mcavoy-001-2560x1600-hollywooddesktop.jpg,423.95,K
Jason Schwartzman/jason_schwartzman-001-1920x1200-hollywooddesktop.jpg,135.07,K
Jason Segel/jason_segel-001-2560x1600-hollywooddesktop.jpg,648.08,K
Jay-Z/jay-z-001-1920x1200-hollywooddesktop.jpg,219.02,K
Jay-Z/jay-z-002-2560x1600-hollywooddesktop.jpg,442.8,K
Jim Parsons/jim_parsons-001-1920x1200-hollywooddesktop.jpg,261.94,K
Jimmy Eat World (Band)/jimmy_eat_world-001-2560x1600-hollywooddesktop.jpg,861.86,K
Jimmy Fallon/jimmy_fallon-001-1920x1200-hollywooddesktop.jpg,369.68,K
John Mayer/john_mayer-001-2560x1600-hollywooddesktop.jpg,272.72,K
John Mayer/john_mayer-002-2560x1600-hollywooddesktop.jpg,341.96,K
Johnny Depp/johnny_depp-001-1920x1200-hollywooddesktop.jpg,230.76,K
Johnny Depp/johnny_depp-002-2560x1600-hollywooddesktop.jpg,943.9,K
Johnny Depp/johnny_depp-003-2560x1600-hollywooddesktop.jpg,1.06,M
Johnny Galecki/johnny_galecki-001-1920x1200-hollywooddesktop.jpg,227.29,K
Jon Hamm/jon_hamm-001-2560x1600-hollywooddesktop.jpg,777.51,K
Jonas Brothers (Band)/jonas_brothers-001-1920x1200-hollywooddesktop.jpg,355.96,K
Jonas Brothers (Band)/jonas_brothers-002-2560x1600-hollywooddesktop.jpg,828.18,K
Jonas Brothers (Band)/jonas_brothers-003-2560x1600-hollywooddesktop.jpg,916.78,K
Joseph Gordon-Levitt/joseph_gordon_levitt-001-2560x1600-hollywooddesktop.jpg,419.63,K
Josh Hartnett/josh_hartnett-001-1920x1200-hollywooddesktop.jpg,263.3,K
Josh Holloway/josh_holloway-001-2560x1600-hollywooddesktop.jpg,891.22,K
Josh Holloway/josh_holloway-002-1920x1200-hollywooddesktop.jpg,216.04,K
Justin Bieber/justin_bieber-001-1920x1200-hollywooddesktop.jpg,338.82,K
Justin Bieber/justin_bieber-002-1920x1200-hollywooddesktop.jpg,391.55,K
Justin Bieber/justin_bieber-003-2560x1600-hollywooddesktop.jpg,665.88,K
Justin Timberlake/justin_timberlake-001-1920x1200-hollywooddesktop.jpg,236.99,K
Justin Timberlake/justin_timberlake-002-1920x1200-hollywooddesktop.jpg,232,K
Kanye West/kanye_west-001-1920x1200-hollywooddesktop.jpg,258.03,K
Kanye West/kanye_west-002-1920x1200-hollywooddesktop.jpg,469.54,K
Kanye West/kanye_west-003-2560x1600-hollywooddesktop.jpg,457.06,K
Keanu Reeves/keanu_reeves-001-1920x1200-hollywooddesktop.jpg,194.27,K
Keith Urban/keith_urban-001-1920x1200-hollywooddesktop.jpg,232.15,K
Keith Urban/keith_urban-002-2560x1600-hollywooddesktop.jpg,940.33,K
Kid Cudi/kid_cudi-001-2560x1600-hollywooddesktop.jpg,1.08,M
Kings of Leon (Band)/kings_of_leon-001-2560x1600-hollywooddesktop.jpg,895.53,K
Kings of Leon (Band)/kings_of_leon-002-2560x1600-hollywooddesktop.jpg,785.28,K
Kris Allen/kris_allen-001-2560x1600-hollywooddesktop.jpg,638.04,K
Leonardo DiCaprio/leonardo_dicaprio-001-2560x1600-hollywooddesktop.jpg,654.69,K
Leonardo DiCaprio/leonardo_dicaprio-003-1920x1200-hollywooddesktop.jpg,471.62,K
Mark Wahlberg/mark_wahlberg-001-1920x1200-hollywooddesktop.jpg,477.84,K
Maroon 5 (Band)/maroon_5-001-1920x1200-hollywooddesktop.jpg,574.66,K
Maroon 5 (Band)/maroon_5-002-2560x1600-hollywooddesktop.jpg,967.76,K
Maroon 5 (Band)/maroon_5-003-2560x1600-hollywooddesktop.jpg,760.47,K
Matt Damon/matt_damon-001-1920x1200-hollywooddesktop.jpg,291.22,K
Matt Damon/matt_damon-002-1920x1200-hollywooddesktop.jpg,294.65,K
Matthew Fox/matthew_fox-001-1920x1200-hollywooddesktop.jpg,406.69,K
Matthew Fox/matthew_fox-002-1920x1200-hollywooddesktop.jpg,463.96,K
Matthew McConaughey/matthew_mcconaughey-001-1920x1200-hollywooddesktop.jpg,369.83,K
Matthew McConaughey/matthew_mcconaughey-002-2560x1600-hollywooddesktop.jpg,729.44,K
Michael Buble/michael_buble-001-1920x1200-hollywooddesktop.jpg,284.9,K
Michael Cera/michael_cera-001-2560x1600-hollywooddesktop.jpg,697.36,K
Nickelback (Band)/nickelback-001-2560x1600-hollywooddesktop.jpg,675.8,K
Orlando Bloom/orlando_bloom-001-1920x1200-hollywooddesktop.jpg,496.32,K
Orlando Bloom/orlando_bloom-002-1920x1200-hollywooddesktop.jpg,448.89,K
Orlando Bloom/orlando_bloom-003-2560x1600-hollywooddesktop.jpg,507.08,K
Owen Wilson/owen_wilson-001-1920x1200-hollywooddesktop.jpg,731.5,K
Paul Rudd/paul_rudd-001-1920x1200-hollywooddesktop.jpg,295.92,K
Paul Walker/paul_walker-001-1920x1200-hollywooddesktop.jpg,659.88,K
Robert Downey Jr/robert_downey_jr-001-2560x1600-hollywooddesktop.jpg,429.69,K
Robert Pattinson/robert_pattinson-001-1920x1200-hollywooddesktop.jpg,504.58,K
Robert Pattinson/robert_pattinson-002-2560x1600-hollywooddesktop.jpg,652.21,K
Robert Pattinson/robert_pattinson-003-2560x1600-hollywooddesktop.jpg,480.64,K
Robert Pattinson/robert_pattinson-004-1920x1200-hollywooddesktop.jpg,541.82,K
Robert Pattinson/robert_pattinson-005-1920x1200-hollywooddesktop.jpg,491.7,K
Robert Pattinson/robert_pattinson-006-1920x1200-hollywooddesktop.jpg,624.87,K
Run Kid Run (Band)/run_kid_run-001-2560x1600-hollywooddesktop.jpg,696.11,K
Ryan Reynolds/ryan_reynolds-001-1920x1200-hollywooddesktop.jpg,342.97,K
Sam Worthington/sam_worthington-001-2560x1600-hollywooddesktop.jpg,863.56,K
Samuel L. Jackson/samuel_l_jackson-001-1920x1200-hollywooddesktop.jpg,372.43,K
Shia LaBeouf/shia_labeouf-001-2560x1600-hollywooddesktop.jpg,192.2,K
Shia LaBeouf/shia_labeouf-002-1920x1200-hollywooddesktop.jpg,168.89,K
Shia LaBeouf/shia_labeouf-003-1920x1200-hollywooddesktop.jpg,357.15,K
Simon Baker/simon_baker-001-2560x1600-hollywooddesktop.jpg,739.72,K
Steve Carell/steve_carell-001-1920x1200-hollywooddesktop.jpg,500.48,K
Taylor Lautner/taylor_lautner-001-1920x1200-hollywooddesktop.jpg,220.1,K
The Fray (Band)/the_fray-001-2560x1600-hollywooddesktop.jpg,1.13,M
The Hold Steady (Band)/the_hold_steady-001-2560x1600-hollywooddesktop.jpg,561.25,K
The Roots (Band)/the_roots-001-2560x1600-hollywooddesktop.jpg,790.78,K
Tom Cruise/tom_cruise-001-1920x1200-hollywooddesktop.jpg,173.77,K
Tracy Morgan/tracy_morgan-001-2560x1600-hollywooddesktop.jpg,412.82,K
Vampire Weekend (Band)/vampire_weekend-001-1920x1200-hollywooddesktop.jpg,433.13,K
Wentworth Miller/wentworth_miller-001-1920x1200-hollywooddesktop.jpg,387.51,K
Wilco (Band)/wilco-001-2560x1600-hollywooddesktop.jpg,736.71,K
Wilco (Band)/wilco-002-2560x1600-hollywooddesktop.jpg,1.23,M
Will Ferrel/will_ferrell-001-2560x1600-hollywooddesktop.jpg,1.27,M
Will Smith/will_smith-001-1920x1200-hollywooddesktop.jpg,388.22,K
Zac Brown (Band)/zac_brown_band-001-2560x1600-hollywooddesktop.jpg,1.08,M
Zac Efron/zac_efron-001-1920x1200-hollywooddesktop.jpg,211.12,K
Zac Efron/zac_efron-002-2560x1600-hollywooddesktop.jpg,517.25,K
Zac Efron/zac_efron-003-2560x1600-hollywooddesktop.jpg,1014.73,K
Zac Efron/zac_efron-004-2560x1600-hollywooddesktop.jpg,1.19,M
Zach Braff/zach_braff-001-1920x1200-hollywooddesktop.jpg,249.24,K
Zach Galifianakis/zach_galifianakis-001-2560x1600-hollywooddesktop.jpg,721.11,K
Zachary Levi/zachary_levi-001-1920x1200-hollywooddesktop.jpg,355.72,K
